image,product_id
rim.jpg,1
rim2.jpg,1
tire.jpg,2
tire2.jpg,2
tappay.jpg,3
tappay2.jpg,3
shakh.jpg,4
shakh2.jpg,4
silencer.jpg,5
silencer2.jpg,5
meera eng.jpg,6
meera eng2.jpg,6
meera eng3.jpg,6
ek eng.jpg,7
ek eng2.jpg,7
ek eng3.jpg,7
hyundai eng.jpg,8
hyundai eng2.jpg,8
hyundai eng3.jpg,8
suzuki eng.jpg,9
suzuki eng2.jpg,9
suzuki eng3.jpg,9
suzuki hus eng.jpg,10
suzuki hus eng2.jpg,10
suzuki hus eng3.jpg,10
hijet eng.jpg,11
hijet eng2.jpg,11
hijet eng3.jpg,11
hub eng.jpg,12
hub eng2.jpg,12
hub eng3.jpg,12
headlight.jpg,13
headlight2.jpg,13
headlight3.jpg,13
n wagon grill.jpg,14
n wagon grill2.jpg,14
n wagon bumper.jpg,15
n wagon bumper2.jpg,15
bonnet.jpg,16
headlight.jpg,17
headlight2.jpg,17
headlight3.jpg,17
mobe gril.jpg,18
move gril2.jpg,18
move bumper.jpg,19
move bumper2.jpg,19
bonnet.jpg,20
headlight.jpg,21
headlight2.jpg,21
headlight3.jpg,21
suzuki grill.jpg,22
suzuki grill2.jpg,22
suzuki bumper.jpg,23
suzuki bumper2.jpg,23
suzuki bumper3.jpg,23
bonnet.jpg,24
left door.jpg,25
left door2.jpg,26
left door3.jpg,27
dashboard.jpg,28
dashboard2.jpg,28
dashboard3.jpg,28
corola back.jpg,29
corola back2.jpg,29
corola back3.jpg,29
corola black back.jpg,30
corola black back2.jpg,30
corola black back3.jpg,30
corola back4.jpg,31
corola back5.jpg,31
corola back6.jpg,31
corola headlight.jpg,32
corola headlight2.jpg,32
corola headlight3.jpg,32
stearing.jpg,33
stearing2.jpg,33
stearing3.jpg,33
bonnet.jpg,34